FPR,TPR,Point_ID
0.0,0.0,0
0.0,0.055,1
0.0,0.06142857142857143,2
0.0,0.08035714285714286,3
0.0,0.09321428571428571,4
0.0,0.09714285714285714,5
0.0,0.10142857142857142,6
0.0,0.10535714285714286,7
0.0,0.1075,8
0.0,0.11214285714285714,9
0.0,0.11321428571428571,10
0.0,0.11357142857142857,11
0.0,0.11535714285714285,12
0.0,0.12035714285714286,13
0.0,0.12107142857142857,14
0.0,0.12892857142857142,15
0.0,0.13357142857142856,16
0.0,0.13392857142857142,17
0.0,0.135,18
0.0,0.14035714285714285,19
0.0,0.1425,20
0.0,0.14857142857142858,21
0.0,0.155,22
0.0,0.15714285714285714,23
0.0,0.16392857142857142,24
0.0,0.1657142857142857,25
0.0,0.16964285714285715,26
0.0,0.1767857142857143,27
0.0,0.17821428571428571,28
0.0,0.18285714285714286,29
0.0,0.18535714285714286,30
0.0,0.18857142857142858,31
0.0,0.1925,32
0.0,0.19392857142857142,33
0.0,0.19464285714285715,34
0.0,0.1982142857142857,35
0.0,0.19857142857142857,36
0.0,0.2025,37
0.0,0.20714285714285716,38
0.0,0.21392857142857144,39
0.0,0.21857142857142858,40
0.0,0.22178571428571428,41
0.0,0.2225,42
0.0,0.22607142857142856,43
0.0,0.22642857142857142,44
0.0,0.2275,45
0.0,0.2317857142857143,46
0.0,0.23285714285714285,47
0.0,0.23357142857142857,48
0.0,0.235,49
0.0,0.2357142857142857,50
0.0,0.23607142857142857,51
0.0,0.2425,52
0.0,0.24571428571428572,53
0.0,0.24714285714285714,54
0.0,0.24857142857142858,55
0.0,0.25214285714285717,56
0.0,0.2532142857142857,57
0.0,0.25857142857142856,58
0.0,0.25892857142857145,59
0.0,0.26285714285714284,60
0.0,0.26785714285714285,61
0.0,0.26857142857142857,62
0.0,0.27,63
0.0,0.2739285714285714,64
0.0,0.2742857142857143,65
0.0,0.2782142857142857,66
0.0,0.2789285714285714,67
0.0,0.2792857142857143,68
0.0,0.28285714285714286,69
0.0,0.2875,70
0.0,0.2882142857142857,71
0.0,0.2907142857142857,72
0.0,0.29214285714285715,73
0.0,0.29285714285714287,74
0.0,0.29678571428571426,75
0.0,0.2975,76
0.0,0.29892857142857143,77
0.0,0.30464285714285716,78
0.0,0.30857142857142855,79
0.0,0.31035714285714283,80
0.0,0.31107142857142855,81
0.0,0.31642857142857145,82
0.0,0.3167857142857143,83
0.0,0.3182142857142857,84
0.0,0.31892857142857145,85
0.0,0.32035714285714284,86
0.0,0.32107142857142856,87
0.0,0.3242857142857143,88
0.0,0.32857142857142857,89
0.0,0.33107142857142857,90
0.0,0.3314285714285714,91
0.0,0.3357142857142857,92
0.0,0.3360714285714286,93
0.0,0.34,94
0.0,0.3407142857142857,95
0.0,0.345,96
0.0,0.34535714285714286,97
0.0,0.3460714285714286,98
0.0,0.3464285714285714,99
0.0,0.34785714285714286,100
0.0,0.35285714285714287,101
0.0,0.3532142857142857,102
0.0,0.35642857142857143,103
0.0,0.36,104
0.0,0.3657142857142857,105
0.0,0.36857142857142855,106
0.0,0.36892857142857144,107
0.0,0.36964285714285716,108
0.0,0.37,109
0.0,0.37142857142857144,110
0.0,0.3767857142857143,111
0.0,0.3775,112
0.0,0.38321428571428573,113
0.0,0.38392857142857145,114
0.0,0.3892857142857143,115
0.0,0.39035714285714285,116
0.0,0.3942857142857143,117
0.0,0.3967857142857143,118
0.0,0.39714285714285713,119
0.0,0.40035714285714286,120
0.0,0.4039285714285714,121
0.0,0.40464285714285714,122
0.0,0.40535714285714286,123
0.0,0.4060714285714286,124
0.0,0.4064285714285714,125
0.0,0.41,126
0.0,0.41035714285714286,127
0.0,0.41285714285714287,128
0.0,0.4132142857142857,129
0.0,0.4139285714285714,130
0.0,0.4182142857142857,131
0.0,0.4210714285714286,132
0.0,0.42178571428571426,133
0.0,0.42214285714285715,134
0.0,0.42464285714285716,135
0.0,0.42607142857142855,136
0.0,0.43,137
0.0,0.43107142857142855,138
0.0,0.4325,139
0.0,0.4367857142857143,140
0.0,0.43892857142857145,141
0.0,0.4392857142857143,142
0.0,0.44392857142857145,143
0.0,0.4442857142857143,144
0.0,0.44535714285714284,145
0.0,0.44571428571428573,146
0.0,0.4467857142857143,147
0.0,0.4471428571428571,148
0.0,0.4514285714285714,149
0.0,0.4517857142857143,150
0.0,0.45321428571428574,151
0.0,0.4585714285714286,152
0.0,0.4592857142857143,153
0.0,0.45964285714285713,154
0.0,0.46035714285714285,155
0.0,0.4614285714285714,156
0.0,0.46214285714285713,157
0.0,0.46285714285714286,158
0.0,0.4639285714285714,159
0.0,0.46535714285714286,160
0.0,0.4707142857142857,161
0.0,0.4710714285714286,162
0.0,0.4732142857142857,163
0.0,0.4735714285714286,164
0.0,0.475,165
0.0,0.4760714285714286,166
0.0,0.4785714285714286,167
0.0,0.4789285714285714,168
0.0,0.48,169
0.0,0.4832142857142857,170
0.0,0.4857142857142857,171
0.0,0.4860714285714286,172
0.0,0.48678571428571427,173
0.0,0.4878571428571429,174
0.0,0.4903571428571429,175
0.0,0.49357142857142855,176
0.0,0.4942857142857143,177
0.0,0.4975,178
0.0,0.4982142857142857,179
0.0,0.5014285714285714,180
0.0,0.5028571428571429,181
0.0,0.5107142857142857,182
0.0,0.5114285714285715,183
0.0,0.5121428571428571,184
0.0,0.5125,185
0.0,0.5132142857142857,186
0.0,0.5153571428571428,187
0.0,0.5160714285714286,188
0.0,0.5192857142857142,189
0.0,0.52,190
0.0,0.5214285714285715,191
0.0,0.5225,192
0.0,0.5271428571428571,193
0.0,0.5275,194
0.0,0.5282142857142857,195
0.0,0.5292857142857142,196
0.0,0.53,197
0.0,0.5314285714285715,198
0.0,0.5321428571428571,199
0.0,0.535,200
0.0,0.5353571428571429,201
0.0,0.5385714285714286,202
0.0,0.54,203
0.0,0.5407142857142857,204
0.0,0.5414285714285715,205
0.0,0.5421428571428571,206
0.0,0.5425,207
0.0,0.5432142857142858,208
0.0,0.5446428571428571,209
0.0,0.5464285714285714,210
0.0,0.5471428571428572,211
0.0,0.5489285714285714,212
0.0,0.5528571428571428,213
0.0,0.5532142857142858,214
0.0,0.5596428571428571,215
0.0,0.56,216
0.0,0.5614285714285714,217
0.0,0.5621428571428572,218
0.0,0.5635714285714286,219
0.0,0.5639285714285714,220
0.0,0.5646428571428571,221
0.0,0.565,222
0.0,0.5660714285714286,223
0.0,0.5667857142857143,224
0.0,0.5675,225
0.0,0.5682142857142857,226
0.0,0.5689285714285715,227
0.0,0.5710714285714286,228
0.0,0.5746428571428571,229
0.0,0.575,230
0.0,0.5757142857142857,231
0.0,0.5764285714285714,232
0.0,0.5803571428571429,233
0.0,0.5810714285714286,234
0.0,0.5814285714285714,235
0.0,0.5842857142857143,236
0.0,0.5857142857142857,237
0.0,0.5867857142857142,238
0.0,0.5875,239
0.0,0.5896428571428571,240
0.0,0.5935714285714285,241
0.0,0.5939285714285715,242
0.0,0.595,243
0.0,0.5964285714285714,244
0.0,0.5975,245
0.0,0.5982142857142857,246
0.0,0.5992857142857143,247
0.0,0.6,248
0.0,0.6003571428571428,249
0.0,0.6042857142857143,250
0.0,0.6046428571428571,251
0.0,0.6053571428571428,252
0.0,0.6060714285714286,253
0.0,0.6071428571428571,254
0.0,0.6075,255
0.0,0.6082142857142857,256
0.0,0.6139285714285714,257
0.0,0.6153571428571428,258
0.0,0.6157142857142858,259
0.0,0.6196428571428572,260
0.0,0.62,261
0.0,0.6235714285714286,262
0.0,0.6267857142857143,263
0.0,0.6271428571428571,264
0.0,0.6357142857142857,265
0.0,0.6360714285714286,266
0.0,0.6378571428571429,267
0.0,0.64,268
0.0,0.6407142857142857,269
0.0,0.6421428571428571,270
0.0,0.6432142857142857,271
0.0,0.645,272
0.0,0.6453571428571429,273
0.0,0.6482142857142857,274
0.0,0.6485714285714286,275
0.0,0.6492857142857142,276
0.0,0.6496428571428572,277
0.0,0.6532142857142857,278
0.0,0.6539285714285714,279
0.0,0.66,280
0.0,0.6603571428571429,281
0.0,0.6617857142857143,282
0.0,0.6639285714285714,283
0.0,0.6653571428571429,284
0.0,0.6696428571428571,285
0.0,0.6710714285714285,286
0.0,0.6714285714285714,287
0.0,0.6721428571428572,288
0.0,0.6725,289
0.0,0.6767857142857143,290
0.0,0.6792857142857143,291
0.0,0.6842857142857143,292
0.0,0.6914285714285714,293
0.0,0.6917857142857143,294
0.0,0.6925,295
0.0,0.6928571428571428,296
0.0,0.6942857142857143,297
0.0,0.6946428571428571,298
0.0,0.6960714285714286,299
0.0,0.6964285714285714,300
0.0,0.6982142857142857,301
0.0,0.7003571428571429,302
0.0,0.7010714285714286,303
0.0,0.7021428571428572,304
0.0,0.7028571428571428,305
0.0,0.7032142857142857,306
0.0,0.7039285714285715,307
0.0,0.7075,308
0.0,0.7085714285714285,309
0.0,0.7096428571428571,310
0.0,0.7103571428571429,311
0.0,0.7117857142857142,312
0.0,0.7125,313
0.0,0.7139285714285715,314
0.0,0.7146428571428571,315
0.0,0.7178571428571429,316
0.0,0.7189285714285715,317
0.0,0.7196428571428571,318
0.0,0.7253571428571428,319
0.0,0.7257142857142858,320
0.0,0.7264285714285714,321
0.0,0.7271428571428571,322
0.0,0.7321428571428571,323
0.0,0.7332142857142857,324
0.0,0.7342857142857143,325
0.0,0.7364285714285714,326
0.0,0.7378571428571429,327
0.0,0.7385714285714285,328
0.0,0.7389285714285714,329
0.0,0.7403571428571428,330
0.0,0.7414285714285714,331
0.0,0.7421428571428571,332
0.0,0.7425,333
0.0,0.7432142857142857,334
0.0,0.7442857142857143,335
0.0,0.745,336
0.0,0.7457142857142857,337
0.0,0.7467857142857143,338
0.0,0.7478571428571429,339
0.0,0.7535714285714286,340
0.0,0.7539285714285714,341
0.0,0.7546428571428572,342
0.0,0.755,343
0.0,0.7557142857142857,344
0.0,0.7564285714285715,345
0.0,0.7571428571428571,346
0.0,0.7585714285714286,347
0.0,0.7592857142857142,348
0.0,0.7625,349
0.0,0.7628571428571429,350
0.0,0.7639285714285714,351
0.0,0.765,352
0.0,0.7657142857142857,353
0.0,0.7692857142857142,354
0.0,0.7703571428571429,355
0.0,0.7753571428571429,356
0.0,0.7764285714285715,357
0.0,0.7771428571428571,358
0.0,0.7778571428571428,359
0.0,0.7785714285714286,360
0.0,0.7789285714285714,361
0.0,0.7803571428571429,362
0.0,0.7832142857142858,363
0.0,0.7842857142857143,364
0.0,0.785,365
0.0,0.7857142857142857,366
0.0,0.7875,367
0.0,0.7878571428571428,368
0.0,0.7942857142857143,369
0.0,0.7946428571428571,370
0.0,0.7992857142857143,371
0.0,0.7996428571428571,372
0.0,0.8007142857142857,373
0.0,0.8021428571428572,374
0.0,0.8035714285714286,375
0.0,0.8085714285714286,376
0.0,0.8089285714285714,377
0.0,0.8096428571428571,378
0.0,0.81,379
0.0,0.8135714285714286,380
0.0,0.8139285714285714,381
0.0,0.8146428571428571,382
0.0,0.815,383
0.0,0.8164285714285714,384
0.0,0.8171428571428572,385
0.0,0.8178571428571428,386
0.0,0.8185714285714286,387
0.0,0.8225,388
0.0,0.8232142857142857,389
0.0,0.8239285714285715,390
0.0,0.8253571428571429,391
0.0,0.8264285714285714,392
0.0,0.8271428571428572,393
0.0,0.8325,394
0.0,0.8328571428571429,395
0.0,0.8378571428571429,396
0.0,0.8382142857142857,397
0.0,0.8392857142857143,398
0.0,0.8396428571428571,399
0.0,0.8407142857142857,400
0.0,0.8435714285714285,401
0.0,0.8442857142857143,402
0.0,0.8492857142857143,403
0.0,0.8517857142857143,404
0.0,0.8525,405
0.0,0.8535714285714285,406
0.0,0.8571428571428571,407
0.0,0.8575,408
0.0,0.8582142857142857,409
0.0,0.8589285714285714,410
0.0,0.8632142857142857,411
0.0,0.8639285714285714,412
0.0,0.8646428571428572,413
0.0,0.8653571428571428,414
0.0,0.8660714285714286,415
0.0,0.8707142857142857,416
0.0,0.8714285714285714,417
0.0,0.8753571428571428,418
0.0,0.8767857142857143,419
0.0,0.8771428571428571,420
0.0,0.8778571428571429,421
0.0,0.8814285714285715,422
0.0,0.8853571428571428,423
0.0,0.8867857142857143,424
0.0,0.8875,425
0.0,0.8882142857142857,426
0.0,0.8925,427
0.0,0.8928571428571429,428
0.0,0.8960714285714285,429
0.0,0.8967857142857143,430
0.0,0.9003571428571429,431
0.0,0.9007142857142857,432
0.0,0.9060714285714285,433
0.0,0.9071428571428571,434
0.0,0.9078571428571428,435
0.0,0.9082142857142858,436
0.0,0.9117857142857143,437
0.0,0.9121428571428571,438
0.0,0.9185714285714286,439
0.0,0.9192857142857143,440
0.0,0.9242857142857143,441
0.0,0.9246428571428571,442
0.0,0.9307142857142857,443
0.0,0.9310714285714285,444
0.0,0.9317857142857143,445
0.0,0.9342857142857143,446
0.0,0.9357142857142857,447
0.0,0.9364285714285714,448
0.0,0.9371428571428572,449
0.0,0.9375,450
0.0,0.9382142857142857,451
0.0,0.9410714285714286,452
0.0,0.9435714285714286,453
0.0,0.9442857142857143,454
0.0,0.9446428571428571,455
0.0,0.9453571428571429,456
0.0,0.9460714285714286,457
0.0,0.9467857142857142,458
0.0,0.9482142857142857,459
0.0,0.9510714285714286,460
0.0,0.9521428571428572,461
0.0,0.9542857142857143,462
0.0,0.9571428571428572,463
0.0,0.9578571428571429,464
0.0,0.9585714285714285,465
0.0,0.9607142857142857,466
0.0,0.9635714285714285,467
0.0,0.9642857142857143,468
0.0,0.9667857142857142,469
0.0,0.9675,470
0.0,0.9696428571428571,471
0.0,0.9714285714285714,472
0.0,0.9735714285714285,473
0.0,0.9739285714285715,474
0.0,0.9746428571428571,475
0.0,0.9753571428571428,476
0.0,0.9792857142857143,477
0.0,0.9796428571428571,478
0.0,0.9853571428571428,479
0.0,0.9860714285714286,480
0.0,0.9875,481
0.0,0.9885714285714285,482
0.0,0.99,483
0.0,0.9917857142857143,484
0.0,0.9932142857142857,485
0.0,0.9946428571428572,486
0.0,0.9960714285714286,487
0.0,0.9967857142857143,488
0.0,0.9982142857142857,489
0.0,0.9989285714285714,490
0.0,1.0,491
0.005833333333333334,1.0,492
0.009166666666666667,1.0,493
0.019166666666666665,1.0,494
0.020833333333333332,1.0,495
0.021666666666666667,1.0,496
0.023333333333333334,1.0,497
0.04083333333333333,1.0,498
0.0425,1.0,499
0.04416666666666667,1.0,500
0.04583333333333333,1.0,501
0.04833333333333333,1.0,502
0.050833333333333335,1.0,503
0.056666666666666664,1.0,504
0.058333333333333334,1.0,505
0.0825,1.0,506
0.08416666666666667,1.0,507
0.09,1.0,508
0.09166666666666666,1.0,509
0.09333333333333334,1.0,510
0.095,1.0,511
0.1025,1.0,512
0.10416666666666667,1.0,513
0.1125,1.0,514
0.11583333333333333,1.0,515
0.11666666666666667,1.0,516
0.11833333333333333,1.0,517
0.12,1.0,518
0.12166666666666667,1.0,519
0.12833333333333333,1.0,520
0.13,1.0,521
0.14333333333333334,1.0,522
0.145,1.0,523
0.14583333333333334,1.0,524
0.1475,1.0,525
0.15083333333333335,1.0,526
0.1525,1.0,527
0.155,1.0,528
0.15666666666666668,1.0,529
0.1725,1.0,530
0.17416666666666666,1.0,531
0.18416666666666667,1.0,532
0.18583333333333332,1.0,533
0.19,1.0,534
0.19166666666666668,1.0,535
0.1925,1.0,536
0.195,1.0,537
0.1975,1.0,538
0.19916666666666666,1.0,539
0.2,1.0,540
0.2025,1.0,541
0.20416666666666666,1.0,542
0.20583333333333334,1.0,543
0.20833333333333334,1.0,544
0.21333333333333335,1.0,545
0.2175,1.0,546
0.22,1.0,547
0.2225,1.0,548
0.22416666666666665,1.0,549
0.22583333333333333,1.0,550
0.2275,1.0,551
0.23166666666666666,1.0,552
0.235,1.0,553
0.24333333333333335,1.0,554
0.245,1.0,555
0.26416666666666666,1.0,556
0.26666666666666666,1.0,557
0.27,1.0,558
0.2841666666666667,1.0,559
0.28583333333333333,1.0,560
0.2875,1.0,561
0.29,1.0,562
0.2925,1.0,563
0.2941666666666667,1.0,564
0.29583333333333334,1.0,565
0.2975,1.0,566
0.29833333333333334,1.0,567
0.3,1.0,568
0.3016666666666667,1.0,569
0.30333333333333334,1.0,570
0.3075,1.0,571
0.30916666666666665,1.0,572
0.31333333333333335,1.0,573
0.31666666666666665,1.0,574
0.3175,1.0,575
0.31916666666666665,1.0,576
0.32083333333333336,1.0,577
0.32416666666666666,1.0,578
0.3258333333333333,1.0,579
0.3275,1.0,580
0.3308333333333333,1.0,581
0.3383333333333333,1.0,582
0.3408333333333333,1.0,583
0.3425,1.0,584
0.3441666666666667,1.0,585
0.3458333333333333,1.0,586
0.3475,1.0,587
0.3491666666666667,1.0,588
0.3575,1.0,589
0.3591666666666667,1.0,590
0.3641666666666667,1.0,591
0.36583333333333334,1.0,592
0.3675,1.0,593
0.37083333333333335,1.0,594
0.37166666666666665,1.0,595
0.37333333333333335,1.0,596
0.38,1.0,597
0.3825,1.0,598
0.38416666666666666,1.0,599
0.3858333333333333,1.0,600
0.3883333333333333,1.0,601
0.39,1.0,602
0.3933333333333333,1.0,603
0.395,1.0,604
0.3958333333333333,1.0,605
0.4008333333333333,1.0,606
0.4083333333333333,1.0,607
0.41,1.0,608
0.4116666666666667,1.0,609
0.4166666666666667,1.0,610
0.41833333333333333,1.0,611
0.42,1.0,612
0.42083333333333334,1.0,613
0.4225,1.0,614
0.425,1.0,615
0.42833333333333334,1.0,616
0.42916666666666664,1.0,617
0.43083333333333335,1.0,618
0.4325,1.0,619
0.435,1.0,620
0.43666666666666665,1.0,621
0.44583333333333336,1.0,622
0.4475,1.0,623
0.4483333333333333,1.0,624
0.45,1.0,625
0.45166666666666666,1.0,626
0.4533333333333333,1.0,627
0.45416666666666666,1.0,628
0.45666666666666667,1.0,629
0.46,1.0,630
0.4666666666666667,1.0,631
0.4683333333333333,1.0,632
0.4708333333333333,1.0,633
0.47333333333333333,1.0,634
0.47583333333333333,1.0,635
0.4791666666666667,1.0,636
0.48,1.0,637
0.485,1.0,638
0.4866666666666667,1.0,639
0.4925,1.0,640
0.495,1.0,641
0.49583333333333335,1.0,642
0.49916666666666665,1.0,643
0.5,1.0,644
0.5033333333333333,1.0,645
0.5058333333333334,1.0,646
0.5075,1.0,647
0.51,1.0,648
0.5133333333333333,1.0,649
0.515,1.0,650
0.5183333333333333,1.0,651
0.52,1.0,652
0.5216666666666666,1.0,653
0.53,1.0,654
0.5333333333333333,1.0,655
0.5375,1.0,656
0.5391666666666667,1.0,657
0.5433333333333333,1.0,658
0.545,1.0,659
0.5483333333333333,1.0,660
0.5516666666666666,1.0,661
0.56,1.0,662
0.5616666666666666,1.0,663
0.5658333333333333,1.0,664
0.5675,1.0,665
0.5691666666666667,1.0,666
0.5708333333333333,1.0,667
0.5766666666666667,1.0,668
0.5783333333333334,1.0,669
0.5808333333333333,1.0,670
0.5825,1.0,671
0.5866666666666667,1.0,672
0.59,1.0,673
0.5966666666666667,1.0,674
0.5983333333333334,1.0,675
0.6008333333333333,1.0,676
0.6025,1.0,677
0.6041666666666666,1.0,678
0.6058333333333333,1.0,679
0.6083333333333333,1.0,680
0.61,1.0,681
0.6108333333333333,1.0,682
0.6141666666666666,1.0,683
0.6175,1.0,684
0.6191666666666666,1.0,685
0.62,1.0,686
0.6216666666666667,1.0,687
0.625,1.0,688
0.6275,1.0,689
0.6291666666666667,1.0,690
0.6333333333333333,1.0,691
0.635,1.0,692
0.6441666666666667,1.0,693
0.6466666666666666,1.0,694
0.6483333333333333,1.0,695
0.6558333333333334,1.0,696
0.6575,1.0,697
0.66,1.0,698
0.6616666666666666,1.0,699
0.6625,1.0,700
0.6641666666666667,1.0,701
0.6683333333333333,1.0,702
0.67,1.0,703
0.6708333333333333,1.0,704
0.6741666666666667,1.0,705
0.6791666666666667,1.0,706
0.6808333333333333,1.0,707
0.6816666666666666,1.0,708
0.6833333333333333,1.0,709
0.6891666666666667,1.0,710
0.6908333333333333,1.0,711
0.6983333333333334,1.0,712
0.7016666666666667,1.0,713
0.7025,1.0,714
0.705,1.0,715
0.7058333333333333,1.0,716
0.7083333333333334,1.0,717
0.7116666666666667,1.0,718
0.7133333333333334,1.0,719
0.715,1.0,720
0.7166666666666667,1.0,721
0.7191666666666666,1.0,722
0.7225,1.0,723
0.725,1.0,724
0.7283333333333334,1.0,725
0.73,1.0,726
0.7341666666666666,1.0,727
0.7358333333333333,1.0,728
0.7375,1.0,729
0.7425,1.0,730
0.7441666666666666,1.0,731
0.7466666666666667,1.0,732
0.7475,1.0,733
0.7491666666666666,1.0,734
0.7508333333333334,1.0,735
0.7525,1.0,736
0.7533333333333333,1.0,737
0.755,1.0,738
0.7583333333333333,1.0,739
0.7608333333333334,1.0,740
0.7625,1.0,741
0.765,1.0,742
0.7683333333333333,1.0,743
0.7716666666666666,1.0,744
0.7725,1.0,745
0.7758333333333334,1.0,746
0.7766666666666666,1.0,747
0.7783333333333333,1.0,748
0.7833333333333333,1.0,749
0.7858333333333334,1.0,750
0.7908333333333334,1.0,751
0.7941666666666667,1.0,752
0.7983333333333333,1.0,753
0.8008333333333333,1.0,754
0.8058333333333333,1.0,755
0.8075,1.0,756
0.8091666666666667,1.0,757
0.8141666666666667,1.0,758
0.8158333333333333,1.0,759
0.8175,1.0,760
0.8233333333333334,1.0,761
0.825,1.0,762
0.8266666666666667,1.0,763
0.8283333333333334,1.0,764
0.8333333333333334,1.0,765
0.835,1.0,766
0.8383333333333334,1.0,767
0.84,1.0,768
0.8458333333333333,1.0,769
0.8475,1.0,770
0.8533333333333334,1.0,771
0.855,1.0,772
0.8566666666666667,1.0,773
0.8583333333333333,1.0,774
0.8608333333333333,1.0,775
0.8625,1.0,776
0.865,1.0,777
0.8666666666666667,1.0,778
0.8683333333333333,1.0,779
0.8733333333333333,1.0,780
0.875,1.0,781
0.8783333333333333,1.0,782
0.88,1.0,783
0.8825,1.0,784
0.8858333333333334,1.0,785
0.8891666666666667,1.0,786
0.8908333333333334,1.0,787
0.9033333333333333,1.0,788
0.905,1.0,789
0.9091666666666667,1.0,790
0.9116666666666666,1.0,791
0.9183333333333333,1.0,792
0.9208333333333333,1.0,793
0.9233333333333333,1.0,794
0.925,1.0,795
0.9325,1.0,796
0.9358333333333333,1.0,797
0.9375,1.0,798
0.9391666666666667,1.0,799
0.9433333333333334,1.0,800
0.9475,1.0,801
0.9483333333333334,1.0,802
0.95,1.0,803
0.9516666666666667,1.0,804
0.9541666666666667,1.0,805
0.955,1.0,806
0.9566666666666667,1.0,807
0.9583333333333334,1.0,808
0.9616666666666667,1.0,809
0.9683333333333334,1.0,810
0.97,1.0,811
0.9725,1.0,812
0.9741666666666666,1.0,813
0.9758333333333333,1.0,814
0.9775,1.0,815
0.9833333333333333,1.0,816
0.985,1.0,817
0.9866666666666667,1.0,818
0.9883333333333333,1.0,819
0.99,1.0,820
0.995,1.0,821
0.9966666666666667,1.0,822
1.0,1.0,823
