Label_Text,word_count,stop_word_count
Real,43,0
Fake,52,3
Real,48,2
Fake,50,2
Real,37,0
Real,42,0
Fake,46,3
Real,38,0
Fake,46,2
Real,37,0
Fake,50,2
Real,48,2
Real,39,0
Fake,47,0
Fake,49,2
Fake,46,0
Fake,46,2
Fake,47,3
Real,41,1
Real,37,0
Fake,40,2
Real,39,0
Real,39,0
Real,37,1
Real,40,1
Fake,48,2
Real,40,0
Fake,45,3
Fake,47,2
Fake,51,0
Fake,50,1
Fake,49,2
Fake,47,2
Fake,46,0
Real,42,1
Fake,47,3
Real,40,1
Real,45,0
Real,45,1
Fake,45,4
Fake,46,2
Real,36,0
Fake,40,2
Fake,48,3
Real,36,0
Fake,48,3
Fake,45,1
Fake,42,0
Fake,46,0
Real,44,2
Real,38,1
Fake,47,0
Real,38,0
Fake,47,2
Fake,46,1
Real,37,0
Real,42,0
Real,44,0
Real,47,1
Fake,41,0
Real,36,0
Fake,47,0
Real,44,0
Real,37,0
Real,49,2
Real,42,1
Fake,44,3
Real,34,0
Fake,50,1
Real,43,1
Real,37,1
Fake,44,2
Real,35,0
Real,43,1
Fake,46,1
Fake,41,1
Real,42,0
Fake,47,3
Fake,50,3
Real,40,0
Fake,46,1
Fake,46,2
Real,37,0
Real,44,1
Real,39,1
Real,45,0
Real,40,0
Fake,45,0
Fake,38,1
Real,43,2
Real,40,0
Real,39,0
Fake,50,1
Fake,40,1
Real,39,1
Real,37,1
Fake,42,1
Real,40,0
Real,42,0
Real,44,2
Fake,45,1
Fake,46,1
Fake,49,1
Real,38,0
Fake,44,0
Fake,40,0
Fake,47,1
Fake,50,3
Fake,48,0
Fake,49,0
Fake,47,1
Real,40,0
Real,43,1
Real,39,1
Fake,47,1
Fake,47,0
Real,43,0
Fake,50,1
Fake,51,1
Real,44,1
Real,36,1
Real,37,0
Real,41,1
Fake,49,1
Fake,47,0
Real,40,0
Fake,45,4
Fake,41,1
Real,39,0
Fake,49,1
Real,40,1
Real,39,0
Fake,42,1
Fake,43,1
Fake,45,1
Real,46,1
Real,35,0
Real,39,0
Real,42,0
Real,40,0
Real,50,1
Fake,48,3
Real,41,1
Fake,43,1
Real,40,0
Fake,45,1
Fake,44,2
Real,35,0
Fake,46,2
Fake,46,2
Real,42,0
Fake,46,2
Fake,50,1
Real,50,0
Fake,41,2
Fake,45,1
Fake,43,1
Real,44,0
Fake,42,2
Real,48,1
Fake,48,0
Fake,47,0
Fake,45,0
Real,41,1
Real,43,0
Real,37,0
Real,36,1
Real,44,1
Fake,44,2
Real,37,0
Real,40,1
Fake,50,3
Real,38,0
Real,43,0
Fake,45,3
Real,37,0
Fake,45,1
Real,41,0
Fake,40,1
Real,44,2
Real,39,2
Fake,48,2
Real,41,1
Real,45,1
Fake,47,2
Fake,49,1
Real,39,2
Real,37,1
Real,49,1
Real,39,0
Fake,48,2
Fake,46,3
Real,36,1
Fake,41,1
Fake,45,1
Fake,48,3
Real,40,1
Fake,46,2
Fake,43,0
Real,41,1
Real,47,1
Fake,45,2
Fake,48,1
Fake,41,1
Fake,45,1
Fake,46,2
Real,39,1
Real,38,0
Real,54,1
Fake,42,2
Real,39,0
Fake,43,2
Fake,48,2
Fake,50,3
Fake,45,1
Real,44,1
Real,41,1
Fake,42,3
Fake,45,1
Real,40,1
Fake,45,1
Fake,45,1
Fake,43,1
Real,42,1
Real,38,1
Real,37,1
Fake,50,2
Fake,45,1
Real,41,1
Fake,50,1
Real,35,0
Fake,43,1
Real,47,1
Real,43,2
Real,42,0
Fake,48,3
Real,40,1
Fake,43,2
Real,42,1
Fake,49,3
Fake,50,1
Real,44,0
Fake,48,3
Fake,42,0
Real,44,1
Fake,47,3
Fake,43,1
Real,37,0
Fake,48,0
Real,41,0
Real,41,1
Fake,41,2
Real,36,0
Fake,46,1
Real,38,0
Real,41,1
Fake,44,1
Fake,45,3
Real,39,0
Real,41,1
Fake,46,2
Real,49,1
Fake,46,3
Real,40,0
Real,46,1
Real,51,1
Fake,46,1
Fake,46,1
Fake,47,2
Real,38,0
Real,39,1
Real,38,1
Fake,46,0
Real,37,1
Real,39,1
Real,44,1
Fake,49,2
Fake,45,3
Real,39,0
Fake,48,0
Real,42,1
Real,43,1
Fake,48,3
Real,47,1
Real,37,1
Fake,45,0
Fake,44,0
Real,38,1
Fake,45,2
Fake,47,2
Real,46,0
Real,48,1
Real,44,1
Real,42,0
Fake,47,2
Fake,40,2
Fake,45,3
Real,41,0
Real,43,0
Fake,45,3
Fake,48,2
Fake,49,1
Real,40,1
Real,44,1
Fake,49,3
Real,39,1
Real,40,1
Real,42,0
Fake,47,0
Fake,50,0
Real,41,0
Real,40,0
Real,36,0
Fake,52,1
Real,37,0
Fake,44,1
Real,45,1
Real,44,1
Real,39,2
Real,45,1
Fake,48,1
Real,40,0
Fake,45,2
Fake,46,2
Fake,46,2
Fake,48,2
Real,42,0
Fake,43,0
Real,37,0
Fake,47,3
Fake,42,2
Fake,39,2
Real,35,0
Fake,45,0
Fake,45,0
Real,47,2
Fake,49,2
Fake,51,2
Real,42,1
Real,40,1
Real,43,1
Fake,41,1
Real,40,0
Fake,44,3
Fake,43,1
Real,38,1
Fake,45,2
Real,41,0
Real,42,0
Fake,50,0
Fake,51,0
Fake,49,1
Real,34,0
Real,46,1
Fake,46,4
Fake,44,1
Real,38,0
Real,44,0
Real,43,1
Real,38,1
Fake,43,0
Fake,48,2
Fake,42,1
Fake,41,1
Fake,52,1
Fake,47,0
Real,36,0
Fake,48,0
Real,42,0
Fake,45,3
Real,35,0
Real,37,0
Fake,46,3
Real,43,0
Real,41,0
Real,40,0
Fake,43,3
Real,42,0
Real,43,0
Real,44,0
Real,42,1
Fake,48,1
Fake,50,1
Real,41,0
Real,35,0
Fake,46,4
Fake,46,0
Real,42,1
Fake,48,3
Real,34,0
Real,41,1
Real,41,0
Fake,44,2
Fake,43,1
Fake,47,0
Fake,46,1
Real,46,2
Real,48,0
Fake,51,0
Fake,45,0
Fake,52,2
Fake,42,3
Fake,44,3
Fake,45,4
Fake,45,2
Real,36,0
Real,36,0
Fake,46,1
Real,39,0
Real,37,1
Fake,46,0
Fake,44,1
Real,39,0
Fake,48,4
Fake,52,3
Real,44,1
Fake,45,1
Fake,41,2
Fake,43,2
Real,42,1
Fake,50,1
Fake,48,4
Real,43,2
Fake,40,1
Real,38,0
Real,40,0
Real,42,0
Real,40,1
Real,37,0
Real,45,0
Fake,49,3
Real,41,0
Real,45,1
Fake,42,1
Real,37,0
Real,42,0
Real,36,1
Fake,46,3
Fake,52,1
Real,39,0
Fake,46,3
Fake,45,2
Real,42,1
Fake,40,2
Real,40,0
Fake,46,2
Fake,42,2
Real,41,1
Fake,45,0
Real,45,1
Fake,50,3
Real,45,0
Fake,47,3
Real,40,0
Real,49,0
Real,44,2
Fake,44,1
Real,42,0
Real,37,0
Fake,46,0
Fake,49,1
Fake,47,2
Fake,45,2
Real,46,1
Fake,48,3
Fake,46,2
Fake,51,0
Fake,51,2
Fake,44,0
Fake,43,2
Fake,42,1
Fake,47,2
Fake,45,1
Real,38,0
Real,42,1
Fake,46,0
Fake,52,2
Fake,46,2
Fake,48,1
Real,41,0
Real,39,0
Real,44,1
Fake,48,2
Fake,41,4
Real,40,0
Real,52,1
Fake,44,1
Fake,51,0
Fake,46,2
Fake,46,2
Real,39,0
Fake,47,4
Real,45,1
Fake,46,1
Fake,47,2
Fake,46,1
Real,42,0
Fake,43,2
Real,42,1
Fake,48,2
Real,39,0
Fake,45,1
Fake,40,2
Real,33,0
Real,39,1
Real,37,0
Real,41,1
Fake,44,4
Real,38,1
Real,41,1
Fake,48,1
Fake,46,1
Fake,42,2
Real,40,0
Real,48,0
Real,39,0
Fake,43,2
Fake,48,2
Real,44,0
Real,43,0
Real,43,1
Fake,50,3
Real,42,0
Fake,45,2
Fake,45,3
Fake,42,1
Fake,42,1
Fake,45,2
Fake,45,3
Real,42,1
Real,43,1
Real,40,0
Fake,45,2
Fake,43,2
Fake,47,1
Real,40,1
Real,44,2
Fake,45,1
Fake,54,0
Real,40,1
Fake,48,0
Real,42,0
Real,40,1
Real,38,1
Real,40,1
Fake,45,2
Fake,43,2
Real,38,0
Real,39,1
Real,43,1
Fake,44,0
Fake,47,3
Fake,48,2
Real,37,0
Fake,47,0
Real,39,1
Real,46,2
Real,38,0
Fake,47,1
Real,39,1
Fake,44,2
Real,45,1
Fake,45,3
Fake,44,1
Fake,47,0
Real,37,0
Real,42,1
Fake,43,1
Real,36,1
Fake,44,2
Real,33,0
Real,40,1
Real,39,0
Real,45,1
Fake,47,0
Real,38,1
Fake,43,1
Real,36,0
Real,42,0
Real,45,1
Real,47,2
Real,40,0
Real,44,0
Fake,47,0
Fake,49,1
Fake,46,0
Real,38,1
Real,39,0
Fake,46,4
Fake,48,0
Real,37,1
Fake,50,2
Real,44,0
Real,48,1
Real,34,0
Fake,45,2
Real,40,1
Real,43,1
Fake,46,1
Fake,42,3
Fake,49,2
Fake,48,1
Fake,45,1
Real,42,1
Real,51,0
Real,49,1
Real,44,1
Real,39,0
Fake,45,1
Real,44,0
Real,41,0
Fake,48,2
Fake,42,1
Real,42,1
Real,45,1
Real,40,0
Real,40,0
Real,40,2
Fake,47,1
Fake,44,2
Real,43,0
Real,42,2
Fake,46,1
Fake,42,0
Real,42,0
Real,38,0
Real,46,0
Real,38,1
Fake,41,1
Real,40,0
Fake,45,1
Real,42,2
Fake,42,2
Real,38,1
Fake,50,2
Fake,45,2
Real,41,1
Real,39,0
Fake,49,1
Real,39,0
Real,41,1
Fake,41,1
Fake,46,1
Real,46,2
Real,36,0
Real,42,1
Fake,44,1
Fake,50,2
Real,43,1
Real,39,0
Real,36,0
Real,37,0
Real,44,2
Real,47,2
Real,42,0
Fake,48,2
Real,43,1
Real,37,1
Fake,49,0
Fake,42,1
Fake,49,1
Fake,49,3
Real,40,0
Fake,42,2
Real,37,1
Real,41,1
Fake,45,3
Real,38,1
Fake,46,2
Fake,48,0
Fake,47,1
Real,34,0
Fake,47,2
Fake,47,2
Fake,47,1
Fake,46,3
Real,43,0
Fake,50,0
Fake,43,2
Real,39,0
Real,41,0
Real,46,0
Fake,45,1
Real,35,0
Real,42,0
Real,38,0
Real,44,1
Real,40,1
Real,44,1
Real,49,0
Fake,47,4
Fake,50,2
Fake,47,1
Real,47,1
Real,36,0
Real,43,0
Fake,45,2
Real,39,1
Fake,45,2
Fake,44,0
Real,39,1
Real,38,0
Fake,49,0
Real,38,0
Fake,45,1
Real,44,0
Fake,47,2
Fake,49,5
Fake,43,2
Fake,46,0
Fake,49,0
Real,41,1
Fake,44,3
Fake,45,1
Fake,51,1
Fake,43,1
Real,44,1
Fake,49,1
Fake,46,1
Real,37,0
Fake,44,1
Real,41,0
Fake,45,0
Real,41,2
Real,38,1
Fake,44,1
Fake,45,0
Fake,40,2
Fake,46,0
Fake,45,1
Fake,49,3
Fake,43,0
Fake,50,1
Fake,46,3
Real,36,0
Fake,43,1
Real,38,0
Real,48,2
Fake,46,1
Fake,44,4
Fake,48,3
Real,40,0
Fake,45,2
Fake,45,1
Fake,39,1
Fake,49,2
Fake,44,2
Fake,43,0
Real,40,1
Real,43,0
Real,36,1
Real,46,1
Real,35,0
Fake,48,4
Real,49,0
Fake,50,2
Real,44,2
Real,37,0
Fake,44,0
Real,38,0
Real,44,1
Fake,43,1
Fake,45,3
Real,41,1
Real,38,0
Real,38,1
Real,39,0
Real,37,0
Fake,46,4
Real,44,1
Fake,44,1
Real,45,1
Real,39,1
Real,46,2
Fake,49,0
Fake,49,2
Real,45,2
Real,39,0
Fake,47,2
Fake,48,4
Fake,48,1
Fake,48,1
Fake,45,2
Fake,41,2
Fake,40,2
Real,39,0
Fake,45,1
Fake,42,1
Real,39,0
Fake,45,1
Real,46,1
Real,44,2
Fake,41,1
Real,37,0
Fake,47,3
Fake,48,1
Fake,50,3
Real,44,0
Real,44,2
Fake,47,1
Fake,49,3
Real,37,0
Fake,46,4
Fake,47,3
Real,44,1
Fake,52,2
Fake,40,0
Real,42,1
Fake,45,1
Fake,52,2
Real,42,1
Fake,50,1
Real,45,0
Fake,48,1
Real,43,1
Real,36,1
Real,43,1
Real,46,1
Real,45,0
Real,41,1
Real,40,1
Fake,45,2
Real,45,1
Fake,46,0
Fake,46,2
Fake,42,3
Real,47,1
Real,47,0
Fake,46,1
Fake,44,4
Real,38,1
Fake,44,2
Fake,47,2
Fake,46,1
Fake,47,1
Fake,46,3
Fake,43,2
Real,43,1
Fake,50,0
Real,38,1
Fake,49,1
Fake,44,2
Real,42,2
Fake,46,1
Fake,44,1
Fake,44,1
Fake,42,1
Real,42,2
Real,46,1
Fake,43,0
Real,43,0
Fake,47,1
Fake,45,2
Fake,50,2
Fake,42,1
Real,39,0
Real,43,0
Fake,53,2
Fake,48,2
Real,42,1
Fake,47,3
Fake,48,1
Fake,44,2
Real,45,0
Real,43,0
Fake,42,2
Fake,44,2
Real,36,0
Fake,45,3
Real,44,2
Fake,53,2
Real,38,0
Real,45,0
Real,46,1
Fake,53,1
Fake,52,2
Fake,48,0
Fake,50,1
Fake,47,2
Real,42,1
Real,43,1
Real,34,1
Real,38,1
Real,41,0
Fake,45,1
Real,38,0
Fake,49,2
Real,37,0
Fake,48,3
Fake,53,1
Real,38,0
Real,39,1
Fake,46,2
Fake,48,0
Fake,48,4
Real,44,1
Fake,47,1
Real,34,1
Fake,45,4
Fake,42,1
Fake,44,2
Real,39,1
Real,38,1
Fake,48,1
Fake,45,1
Real,49,0
Real,34,0
Fake,49,2
Real,43,1
Real,42,0
Real,42,0
Real,39,0
Real,39,0
Real,44,1
Fake,45,0
Fake,48,0
Fake,50,0
Real,39,0
Real,37,1
Real,54,1
Real,42,1
Real,39,1
Fake,39,3
Fake,46,1
Fake,45,1
Real,40,1
Fake,50,0
Fake,51,2
Fake,48,3
Real,36,0
Real,39,2
Real,38,0
Real,34,0
Real,40,1
Fake,46,0
Fake,52,2
Fake,46,1
Real,43,1
Fake,45,1
Real,42,1
Real,39,0
Real,38,1
Fake,42,3
Real,40,1
Real,40,1
Real,40,0
Real,44,0
Real,40,0
Fake,45,0
Real,35,0
Real,40,2
Fake,49,1
Real,37,1
Fake,47,3
Real,41,0
Real,42,1
Real,40,0
Fake,46,2
Fake,42,1
Real,43,0
Fake,47,1
Fake,51,3
Real,43,1
Fake,43,2
Real,39,0
Real,34,0
Fake,37,0
Fake,38,1
Fake,46,0
Fake,43,0
Fake,42,1
Real,48,0
Fake,47,4
Fake,42,1
Real,43,1
Fake,49,3
Fake,47,2
Real,40,0
Real,51,1
Real,39,1
Fake,47,4
Fake,46,1
Real,43,0
Fake,49,0
Fake,44,4
Fake,49,1
Fake,46,2
Real,44,0
Real,42,0
Fake,47,1
Fake,45,2
Real,40,1
Fake,44,0
Real,38,0
Real,39,0
Fake,45,2
Real,39,2
Fake,44,2
Real,36,0
Fake,48,1
Fake,40,1
Fake,50,3
Fake,46,3
Fake,48,1
Fake,50,1
Fake,45,2
Real,40,0
Real,44,1
Real,41,0
Fake,50,2
Fake,39,1
Real,41,2
Real,40,1
Fake,44,1
Fake,48,3
Fake,43,3
Fake,50,0
Real,41,2
Fake,47,2
Fake,40,1
Fake,50,1
Fake,50,0
Fake,45,1
Fake,46,0
Real,37,1
Real,37,0
Real,38,0
Fake,44,1
Real,41,0
Real,39,0
Real,48,0
Fake,55,1
Real,43,0
Fake,48,2
Fake,50,2
Real,45,1
Fake,45,1
Fake,46,0
Real,36,1
Fake,50,2
Real,42,0
Real,37,0
Fake,46,2
Real,43,1
Real,42,1
Real,44,1
Fake,48,2
Fake,51,2
Fake,49,0
Fake,47,2
Fake,45,2
Real,48,0
Fake,42,0
Real,42,1
Real,42,0
Real,45,1
Real,38,0
Real,37,0
Real,38,0
Fake,50,1
Real,39,0
Real,40,0
Real,39,1
Real,39,0
Real,43,0
Real,42,0
Real,43,2
Fake,47,1
Fake,48,2
Fake,46,1
Fake,50,1
Real,35,0
Fake,43,4
Real,36,0
Fake,48,1
Fake,45,1
Fake,46,2
Fake,43,2
Fake,47,1
Fake,45,2
Fake,47,2
Real,42,0
Fake,45,0
Fake,46,2
Real,42,1
Fake,44,1
Fake,47,2
Real,40,0
Fake,45,1
Fake,45,1
Real,38,0
Real,36,1
Fake,46,0
Real,33,0
Real,38,1
Real,43,0
Fake,44,2
Fake,50,1
Fake,50,3
Real,44,0
Fake,42,1
Real,39,1
Fake,50,0
Real,40,0
Real,35,0
Real,43,0
Fake,46,3
Real,41,0
Fake,45,3
Fake,44,1
Fake,49,0
Real,43,1
Fake,43,1
Real,36,0
Real,45,1
Fake,49,2
Real,44,1
Fake,46,0
Fake,46,0
Fake,43,2
Fake,41,0
Fake,47,1
Fake,47,2
Fake,45,1
Real,41,1
Real,39,0
Fake,47,3
Fake,47,3
Fake,47,0
Fake,41,2
Fake,49,1
Fake,47,1
Real,38,1
Real,37,0
Fake,44,2
Real,36,0
Fake,47,0
Fake,41,0
Fake,46,1
Fake,53,2
Real,38,0
Fake,48,0
Real,46,2
Fake,45,2
Real,37,0
Fake,47,1
Real,43,1
Fake,40,1
Fake,47,1
Fake,47,1
Real,37,1
Real,39,1
Fake,48,2
Real,41,1
Real,38,0
Real,44,0
Fake,42,0
Fake,45,0
Fake,50,3
Fake,42,2
Real,42,0
Fake,44,1
Real,40,1
Fake,48,1
Real,42,0
Fake,50,1
Fake,41,0
Real,41,2
Real,42,1
Fake,52,2
Fake,44,2
Real,41,2
Real,45,1
Fake,42,2
Fake,50,3
Real,38,1
Real,35,0
Fake,51,2
Real,48,1
Real,38,0
Real,40,0
Real,44,0
Fake,48,3
Real,39,0
Fake,42,0
Real,38,0
Real,34,0
Fake,51,3
Real,37,0
Real,41,0
Real,42,1
Real,44,1
Fake,48,3
Real,42,0
Real,39,1
Real,45,2
Fake,46,1
Fake,44,2
Real,48,2
Fake,47,0
Fake,44,3
Fake,47,2
Real,37,0
Fake,46,1
Fake,46,3
Real,40,0
Fake,45,2
Real,36,0
Real,34,0
Real,43,2
Real,40,0
Real,35,0
Real,43,1
Fake,45,3
Fake,42,1
Fake,48,1
Fake,47,1
Fake,44,0
Fake,47,1
Fake,50,2
Fake,43,2
Real,34,0
Real,38,0
Fake,50,3
Real,41,0
Real,41,1
Real,37,0
Fake,43,1
Fake,46,2
Fake,47,0
Real,51,2
Fake,50,0
Fake,45,1
Fake,45,1
Real,44,1
Fake,49,3
Real,41,1
Real,42,0
Real,40,1
Real,38,0
Fake,49,2
Fake,51,1
Real,37,1
Fake,48,0
Fake,48,3
Fake,48,1
Fake,42,0
Real,41,1
Fake,52,3
Real,37,1
Real,43,1
Real,37,0
Real,40,1
Real,41,1
Real,48,0
Real,35,1
Real,42,2
Real,42,1
Fake,43,1
Fake,50,2
Real,38,0
Fake,44,1
Real,41,1
Fake,41,0
Real,41,2
Fake,48,3
Fake,44,3
Real,40,1
Fake,48,4
Real,40,2
Fake,45,1
Real,47,0
Fake,49,2
Real,45,1
Fake,45,2
Fake,50,1
Real,41,0
Fake,46,2
Fake,45,2
Real,41,1
Fake,48,2
Real,39,0
Real,36,1
Real,44,1
Fake,44,1
Fake,41,1
Real,42,0
Fake,43,2
Fake,47,2
Fake,50,2
Real,39,1
Real,43,2
Fake,45,1
Real,38,1
Real,39,0
Real,36,0
Real,42,1
Real,43,1
Real,42,1
Fake,48,1
Fake,48,2
Real,39,0
Fake,47,0
Real,44,1
Real,38,0
Real,41,2
Fake,41,2
Fake,51,0
Real,42,1
Real,41,0
Real,41,1
Real,40,0
Fake,49,1
Fake,46,1
Fake,43,1
Real,47,1
Real,38,0
Fake,46,3
Fake,45,2
Fake,44,3
Fake,46,0
Fake,43,1
Real,45,1
Real,41,1
Real,43,1
Real,40,0
Real,48,0
Real,44,1
Fake,44,1
Real,38,1
Real,38,0
Fake,42,3
Real,42,1
Fake,42,0
Real,37,0
Real,42,0
Fake,50,1
Fake,41,0
Real,40,1
Real,33,0
Real,47,1
Real,42,0
Fake,53,1
Real,41,1
Fake,47,2
Fake,47,2
Fake,43,3
Fake,48,2
Fake,45,2
Fake,48,2
Real,38,0
Fake,47,0
Fake,46,1
Fake,41,1
Real,41,0
Real,43,1
Real,41,0
Real,39,0
Fake,41,2
Fake,44,1
Real,46,0
Fake,46,4
Real,42,1
Real,43,0
Fake,48,0
Fake,46,2
Real,43,2
Fake,45,0
Real,42,1
Real,33,0
Fake,45,3
Real,38,0
Fake,46,1
Fake,42,1
Fake,47,2
Fake,52,3
Fake,44,2
Fake,50,3
Real,42,0
Real,39,1
Fake,49,3
Fake,44,1
Real,40,2
Fake,50,1
Real,42,1
Fake,44,0
Fake,48,1
Fake,48,0
Real,49,2
Fake,46,1
Fake,43,0
Real,46,0
Fake,50,1
Fake,42,1
Real,45,1
Real,44,2
Fake,54,2
Fake,46,0
Real,40,0
Real,39,0
Fake,46,1
Fake,49,1
Fake,51,0
Real,36,0
Real,41,2
Real,47,0
Fake,43,1
Real,43,1
Real,44,1
Fake,43,0
Fake,48,1
Fake,42,1
Fake,49,2
Real,45,0
Fake,47,1
Fake,46,1
Real,41,0
Real,42,0
Fake,42,0
Real,43,1
Real,38,0
Fake,49,3
Real,38,1
Fake,46,0
Real,49,1
Real,39,1
Real,45,2
Real,40,1
Fake,49,1
Fake,49,0
Fake,45,2
Real,39,0
Real,38,1
Real,39,0
Fake,47,1
Fake,43,2
Fake,49,0
Fake,46,3
Fake,49,2
Real,42,1
Real,45,2
Real,44,0
Real,37,0
Fake,42,1
Real,41,0
Real,42,1
Real,38,0
Real,38,0
Real,40,1
Fake,41,1
Real,44,2
Fake,47,1
Fake,48,1
Real,48,1
Real,36,0
Real,42,0
Fake,48,2
Fake,47,1
Fake,47,2
Real,37,0
Real,37,1
Real,37,1
Real,43,1
Fake,38,0
Fake,42,2
Real,40,1
Real,45,0
Fake,47,2
Fake,46,3
Fake,40,1
Real,42,1
Real,40,2
Real,36,0
Real,45,2
Fake,44,1
Fake,45,2
Fake,44,2
Real,37,0
Real,41,1
Fake,48,3
Fake,43,3
Fake,43,3
Real,44,1
Fake,48,0
Fake,44,1
Fake,42,2
Fake,43,0
Fake,47,0
Fake,43,2
Fake,42,2
Fake,48,0
Real,41,0
Real,38,1
Fake,40,1
Fake,46,1
Fake,53,1
Real,40,0
Real,36,0
Fake,46,1
Real,39,1
Real,38,0
Fake,48,1
Real,40,0
Real,39,1
Fake,45,2
Real,44,0
Real,44,1
Fake,46,1
Real,43,0
Fake,49,2
Real,47,0
Real,44,0
Fake,46,3
Fake,45,1
Real,37,1
Real,40,0
Fake,40,1
Fake,42,0
Real,41,1
Fake,46,0
Fake,48,1
Real,38,1
Real,42,0
Real,48,1
Fake,44,3
Fake,46,1
Fake,49,3
Fake,43,1
Fake,48,1
Fake,47,0
Fake,47,2
Fake,51,1
Fake,46,3
Fake,45,0
Real,40,1
Fake,45,3
Real,52,2
Fake,47,2
Fake,46,2
Fake,42,1
Fake,47,0
Real,40,0
Real,42,0
Real,42,1
Fake,43,1
Real,37,0
Real,41,0
Fake,50,2
Real,39,1
Fake,47,1
Fake,47,2
Fake,45,0
Fake,48,1
Real,45,1
Fake,48,1
Fake,39,1
Real,38,1
Fake,44,2
Real,38,0
Fake,44,2
Fake,44,1
Real,40,0
Real,41,1
Real,44,0
Fake,48,1
Fake,49,2
Real,45,2
Fake,46,1
Real,48,1
Fake,45,0
Real,39,1
Real,37,1
Fake,46,3
Fake,44,3
Fake,46,0
Fake,45,3
Real,38,1
Real,41,0
Real,44,1
Real,37,1
Fake,46,1
Real,42,0
Real,40,1
Fake,50,1
Fake,45,2
Real,42,1
Real,37,0
Fake,44,3
Real,39,1
Real,47,0
Real,38,1
Fake,44,2
Real,42,1
Fake,47,1
Real,40,1
Real,44,2
Real,42,1
Real,51,1
Fake,46,2
Real,42,1
Fake,48,1
Fake,49,2
Real,39,1
Fake,46,2
Fake,49,0
Real,38,1
Fake,43,2
Real,43,0
Real,41,0
Fake,42,0
Fake,43,1
Fake,48,1
Real,40,0
Real,42,0
Fake,46,2
Real,37,0
Real,38,1
Fake,52,1
Real,45,1
Fake,46,0
Real,42,0
Real,36,0
Real,45,1
Real,40,1
Real,43,2
Real,44,2
Real,40,2
Real,39,0
Fake,47,2
Real,46,2
Fake,43,2
Fake,46,2
Real,40,0
Fake,48,2
Real,47,2
Fake,47,2
Fake,46,0
Fake,47,2
Real,39,0
Real,37,1
Fake,48,1
Real,41,0
Real,35,0
Real,36,0
Fake,51,0
Real,42,0
Real,35,0
Fake,50,0
Real,35,0
Real,41,0
Fake,48,2
Fake,45,2
Fake,46,2
Real,49,2
Fake,48,4
Real,45,1
Real,36,1
Real,37,0
Fake,43,3
Real,41,0
Real,41,0
Real,43,1
Fake,50,2
Fake,46,1
Real,39,0
Fake,48,1
Real,36,0
Fake,49,4
Real,40,1
Real,44,1
Fake,42,3
Fake,48,2
Real,37,1
Fake,50,2
Real,40,0
Real,37,0
Real,45,2
Fake,48,0
Fake,50,1
Fake,44,1
Real,42,0
Real,50,1
Fake,50,2
Real,37,0
Fake,46,2
Fake,45,2
Real,40,0
Real,38,0
Fake,48,3
Real,39,0
Real,41,1
Fake,48,1
Fake,44,2
Real,39,0
Fake,40,2
Real,41,0
Fake,46,4
Real,40,1
Fake,49,4
Real,37,0
Real,42,2
Fake,49,3
Fake,41,1
Fake,50,1
Real,50,0
Fake,46,2
Fake,50,3
Real,37,0
Fake,46,1
Fake,44,2
Fake,44,1
Real,41,0
Fake,48,2
Fake,49,2
Real,41,0
Fake,44,2
Real,44,1
Fake,40,1
Fake,46,0
Real,42,1
Real,42,1
Real,48,2
Real,42,1
Real,40,1
Real,40,0
Real,41,0
Real,45,1
Fake,44,2
Real,40,0
Fake,46,4
Real,39,1
Fake,45,2
Fake,45,1
Fake,42,2
Fake,46,2
Fake,47,3
Real,41,1
Fake,43,3
Real,47,2
Real,37,0
Real,39,0
Real,46,1
Real,39,0
Real,39,0
Real,33,0
Real,46,1
Fake,46,3
Real,42,1
Real,35,0
Real,38,0
Real,35,0
Real,41,2
Real,45,1
Real,41,1
Real,43,2
Fake,46,1
Real,38,0
Real,39,0
Real,44,1
Real,45,1
Fake,45,1
Fake,43,0
Real,47,2
Real,41,1
Fake,45,1
Real,37,0
Real,47,0
Fake,44,1
Fake,45,0
Fake,48,1
Real,36,0
Real,49,1
Real,42,0
Real,40,0
Real,44,1
Real,40,0
Real,42,0
Real,42,1
Real,43,1
Real,40,0
Real,41,1
Real,45,0
Real,50,1
Real,36,0
Real,40,0
Fake,46,0
Fake,43,0
Real,38,0
Real,36,1
Fake,48,1
Fake,50,4
Fake,46,1
Real,39,0
Real,43,1
Real,34,0
Real,34,0
Fake,43,1
Real,41,1
Fake,49,0
Real,45,1
Real,51,1
Fake,47,1
Real,44,0
Real,39,0
Fake,40,1
Real,47,1
Fake,46,0
Real,40,0
Fake,52,2
Real,40,0
Fake,51,2
Fake,51,2
Real,48,2
Real,43,0
Real,39,1
Fake,45,1
Real,43,0
Real,39,0
Fake,43,1
Fake,44,1
Fake,47,2
Fake,48,1
Fake,46,2
Fake,51,0
Real,38,0
Real,41,1
Real,48,2
Real,38,0
Fake,46,1
Real,42,1
Fake,41,0
Real,39,0
Fake,49,0
Real,40,2
Fake,46,0
Fake,45,4
Fake,47,1
Fake,47,2
Real,43,2
Real,35,0
Fake,46,1
Fake,43,0
Real,39,1
Real,41,0
Fake,44,0
Fake,40,2
Fake,47,2
Fake,45,2
Real,40,0
Fake,41,2
Real,43,1
Fake,47,2
Real,42,1
Real,38,1
Fake,50,1
Fake,49,1
Fake,49,0
Real,38,0
Fake,43,1
Fake,45,2
Real,39,0
Real,43,2
Real,48,2
Real,38,0
Fake,49,1
Real,35,0
Real,39,0
Fake,46,0
Real,40,1
Fake,46,1
Real,41,1
Fake,42,2
Real,38,0
Real,39,0
Fake,46,0
Fake,46,0
Fake,45,1
Fake,46,0
Fake,42,3
Fake,47,2
Real,45,2
Fake,40,3
Fake,43,1
Real,40,2
Fake,44,1
Real,45,0
Fake,48,0
Real,39,1
Real,40,0
Real,40,1
Real,38,0
Real,46,2
Fake,47,3
Real,38,1
Fake,45,2
Real,43,0
Fake,44,4
Fake,53,1
Fake,44,2
Fake,49,1
Real,45,1
Fake,44,2
Fake,46,0
Fake,50,5
Real,39,1
Real,35,0
Real,40,0
Real,39,0
Fake,48,1
Real,48,1
Real,36,0
Real,41,0
Real,36,0
Real,43,0
Real,43,1
Real,40,1
Fake,45,3
Fake,48,3
Fake,48,1
Fake,45,1
Real,45,1
Real,41,0
Real,45,0
Real,41,0
Fake,45,1
Real,40,0
Fake,48,1
Fake,50,1
Real,35,0
Fake,46,4
Fake,43,2
Fake,46,1
Fake,46,1
Fake,46,1
Fake,41,0
Real,44,1
Fake,47,0
Fake,49,2
Fake,47,1
Fake,51,0
Real,41,0
Real,43,1
Real,39,1
Real,42,1
Fake,45,2
Real,41,0
Real,46,1
Real,40,0
Fake,49,1
Real,44,0
Fake,48,2
Fake,48,2
Fake,45,2
Real,41,1
Fake,48,2
Fake,49,1
Real,38,0
Real,37,0
Fake,47,0
Real,39,0
Fake,48,2
Real,39,0
Fake,51,2
Fake,48,0
Fake,46,1
Fake,48,0
Real,42,0
Fake,49,1
Real,43,0
Fake,45,3
Fake,47,1
Real,42,1
Fake,43,0
Fake,45,3
Real,43,1
Real,41,1
Fake,45,0
Fake,48,1
Real,35,0
Real,39,0
Fake,43,0
Real,38,1
Fake,47,0
Real,38,1
Real,42,1
Fake,47,1
Real,46,2
Fake,46,0
Real,39,1
Fake,48,3
Fake,50,1
Real,38,0
Real,38,0
Real,41,1
Real,43,1
Real,37,0
Real,41,0
Fake,44,0
Real,51,1
Real,45,1
