Keyword,Coefficient,Abs_Importance,Sentiment
expected,-3.531045842902508,3.531045842902508,Real-leaning
analysts,-2.6188767337639907,2.6188767337639907,Real-leaning
review expected,-2.1198546248021057,2.1198546248021057,Real-leaning
stakeholders,-2.111404268068808,2.111404268068808,Real-leaning
policy,-2.027142476662877,2.027142476662877,Real-leaning
months,-2.018808602891642,2.018808602891642,Real-leaning
review,-1.9361339011326837,1.9361339011326837,Real-leaning
decision,-1.8480001619990039,1.8480001619990039,Real-leaning
development,-1.7520814150710255,1.7520814150710255,Real-leaning
announcement,-1.7330547522962167,1.7330547522962167,Real-leaning
suppressed,1.7088306334538426,1.7088306334538426,Fake-leaning
implementation,-1.667221111738954,1.667221111738954,Real-leaning
released,-1.5480945233223127,1.5480945233223127,Real-leaning
press,-1.4991417263057973,1.4991417263057973,Real-leaning
welcomed,-1.4975940291202579,1.4975940291202579,Real-leaning
long,-1.47588204839442,1.47588204839442,Real-leaning
early year,-1.4564936181985138,1.4564936181985138,Real-leaning
completed,-1.4564936181985138,1.4564936181985138,Real-leaning
completed early,-1.4564936181985138,1.4564936181985138,Real-leaning
year,-1.4564936181985138,1.4564936181985138,Real-leaning
expected completed,-1.4564936181985138,1.4564936181985138,Real-leaning
early,-1.4564936181985138,1.4564936181985138,Real-leaning
civil liberties,1.4531873671384714,1.4531873671384714,Fake-leaning
public safety,1.4531873671384714,1.4531873671384714,Fake-leaning
poses,1.4531873671384714,1.4531873671384714,Fake-leaning
liberties,1.4531873671384714,1.4531873671384714,Fake-leaning
poses risks,1.4531873671384714,1.4531873671384714,Fake-leaning
civil,1.4531873671384714,1.4531873671384714,Fake-leaning
safety,1.4531873671384714,1.4531873671384714,Fake-leaning
risks public,1.4531873671384714,1.4531873671384714,Fake-leaning
risks,1.4531873671384714,1.4531873671384714,Fake-leaning
safety civil,1.4531873671384714,1.4531873671384714,Fake-leaning
evidence,1.430779599113624,1.430779599113624,Fake-leaning
effects,1.4137633027637166,1.4137633027637166,Fake-leaning
industry,-1.4042921346121449,1.4042921346121449,Real-leaning
industry stakeholders,-1.4042921346121449,1.4042921346121449,Real-leaning
stakeholders planned,-1.4042921346121449,1.4042921346121449,Real-leaning
coming months,-1.4042921346121449,1.4042921346121449,Real-leaning
consultations,-1.4042921346121449,1.4042921346121449,Real-leaning
consultations industry,-1.4042921346121449,1.4042921346121449,Real-leaning
planned,-1.4042921346121449,1.4042921346121449,Real-leaning
planned coming,-1.4042921346121449,1.4042921346121449,Real-leaning
control,1.3736337823717368,1.3736337823717368,Fake-leaning
climate data,1.3698518444353374,1.3698518444353374,Fake-leaning
sources,1.348485608198701,1.348485608198701,Fake-leaning
said,-1.331116954356983,1.331116954356983,Real-leaning
oversight,-1.3146654488259804,1.3146654488259804,Real-leaning
final,-1.3146654488259804,1.3146654488259804,Real-leaning
committee final,-1.3146654488259804,1.3146654488259804,Real-leaning
committee,-1.3146654488259804,1.3146654488259804,Real-leaning
report submitted,-1.3146654488259804,1.3146654488259804,Real-leaning
approval,-1.3146654488259804,1.3146654488259804,Real-leaning
oversight committee,-1.3146654488259804,1.3146654488259804,Real-leaning
relevant,-1.3146654488259804,1.3146654488259804,Real-leaning
final approval,-1.3146654488259804,1.3146654488259804,Real-leaning
relevant oversight,-1.3146654488259804,1.3146654488259804,Real-leaning
submitted,-1.3146654488259804,1.3146654488259804,Real-leaning
submitted relevant,-1.3146654488259804,1.3146654488259804,Real-leaning
process,-1.30741868510476,1.30741868510476,Real-leaning
transparent,-1.30741868510476,1.30741868510476,Real-leaning
process remain,-1.30741868510476,1.30741868510476,Real-leaning
public comment,-1.30741868510476,1.30741868510476,Real-leaning
open public,-1.30741868510476,1.30741868510476,Real-leaning
officials emphasised,-1.30741868510476,1.30741868510476,Real-leaning
emphasised,-1.30741868510476,1.30741868510476,Real-leaning
open,-1.30741868510476,1.30741868510476,Real-leaning
remain transparent,-1.30741868510476,1.30741868510476,Real-leaning
emphasised process,-1.30741868510476,1.30741868510476,Real-leaning
transparent open,-1.30741868510476,1.30741868510476,Real-leaning
officials,-1.2838522235229899,1.2838522235229899,Real-leaning
gets,1.2817040571490868,1.2817040571490868,Fake-leaning
new disease,1.2419830524350002,1.2419830524350002,Fake-leaning
update,-1.240631670886852,1.240631670886852,Real-leaning
cancer,1.2204680551985276,1.2204680551985276,Fake-leaning
shadow,1.218553604474365,1.218553604474365,Fake-leaning
changes,-1.2076500050956172,1.2076500050956172,Real-leaning
implications development,-1.2054943748274187,1.2054943748274187,Real-leaning
assessed,-1.2054943748274187,1.2054943748274187,Real-leaning
assessed independent,-1.2054943748274187,1.2054943748274187,Real-leaning
independent analysts,-1.2054943748274187,1.2054943748274187,Real-leaning
development assessed,-1.2054943748274187,1.2054943748274187,Real-leaning
truth,1.2042132864891195,1.2042132864891195,Fake-leaning
challenged,-1.1839984841187363,1.1839984841187363,Real-leaning
channels,-1.1839984841187363,1.1839984841187363,Real-leaning
decision challenged,-1.1839984841187363,1.1839984841187363,Real-leaning
predict decision,-1.1839984841187363,1.1839984841187363,Real-leaning
challenged formal,-1.1839984841187363,1.1839984841187363,Real-leaning
predict,-1.1839984841187363,1.1839984841187363,Real-leaning
legal,-1.1839984841187363,1.1839984841187363,Real-leaning
legal channels,-1.1839984841187363,1.1839984841187363,Real-leaning
formal,-1.1839984841187363,1.1839984841187363,Real-leaning
formal legal,-1.1839984841187363,1.1839984841187363,Real-leaning
analysts predict,-1.1839984841187363,1.1839984841187363,Real-leaning
consecutive,-1.182632251079425,1.182632251079425,Real-leaning
quarter,-1.182632251079425,1.182632251079425,Real-leaning
quarter stability,-1.182632251079425,1.182632251079425,Real-leaning
area,-1.182632251079425,1.182632251079425,Real-leaning
consecutive quarter,-1.182632251079425,1.182632251079425,Real-leaning
stability area,-1.182632251079425,1.182632251079425,Real-leaning
stability,-1.182632251079425,1.182632251079425,Real-leaning
